id,name,email,bio,skills,score,reason
1,John Doe,johndoe@example.com,"John is a passionate junior developer with a strong background in front-end technologies. He recently completed a web development bootcamp, where he built multiple responsive websites using React, CSS, and HTML. John is eager to apply his skills in a real-world setting and grow as a developer. He is highly detail-oriented and a fast learner.","React, CSS, HTML, Git",72,"John Doe demonstrates a strong foundational skill set relevant to the Junior React Developer position, particularly with front-end technologies such as React, CSS, and HTML which aligns well with the job requirements. His completion of a web development bootcamp indicates a recent and focused learning experience, and his eagerness and fast learning ability show good growth potential. However, the candidate lacks explicit mention of experience with Next.js, TypeScript, Git, RESTful APIs, and the Vercel AI SDK, which are important for this role. Additionally, while he is detail-oriented and motivated, there is no direct evidence of teamwork or collaboration skills critical for working alongside senior developers. Overall, John is a promising candidate with a solid base and the right attitude to grow into the role with proper mentorship, but currently falls short on some technical specifics and demonstrated professional experience."
2,Sarah Lee,sarahlee@example.com,"Sarah is a self-taught developer who has been building personal projects for the past year. Her portfolio includes a fully responsive personal blog and a task manager app, both built using React and Next.js. She enjoys the challenge of problem-solving and is constantly expanding her skill set through online courses. Sarah thrives in collaborative environments and is excited to contribute to team projects.","React, Next.js, JavaScript, CSS, HTML",72,"Sarah demonstrates foundational skills relevant to the Junior React Developer role, notably building projects using React and Next.js, which aligns well with the technical requirements. Although she is self-taught with about a year of experience, her practical experience includes fully responsive applications, indicating a solid grasp of front-end development essentials. Her proactive approach to learning through online courses and enthusiasm for problem-solving show strong growth potential. Additionally, her preference for collaborative environments and excitement for team contributions suggest a good cultural fit with the supportive and mentorship-driven company culture. However, Sarah lacks direct experience with some key qualifications such as TypeScript, CSS, HTML, Git, RESTful APIs, and familiarity with the Vercel AI SDK, which are important for this role. She also has less than the preferred 1-2 years of experience, which affects her readiness to contribute independently at the expected level. Overall, Sarah is a promising candidate with clear motivation and foundational skills, suitable for the role with some initial guidance and training."
3,Michael Young,michaelyoung@example.com,"Michael recently graduated from a coding bootcamp and is skilled in web development, particularly in React-based applications. During his bootcamp, he worked on a capstone project where he developed a social media dashboard using React, JavaScript, and Git for version control. Michael is passionate about technology and is looking for an opportunity to apply his skills in a dynamic team environment.","React, JavaScript, CSS, Git",68,"Michael Young is a recent coding bootcamp graduate with practical skills in React, JavaScript, and Git, demonstrated through a capstone project building a social media dashboard. While he clearly shows enthusiasm and foundational ability for front-end web development, he lacks the 1-2 years of professional experience specifically with React and Next.js required for the role. Additionally, there is no mention of experience with TypeScript, CSS, HTML, RESTful APIs, or familiarity with Vercel AI SDK, which are important for this position. However, Michael's passion for technology and desire to grow within a dynamic team environment indicate strong growth potential and good cultural fit for a junior developer who can benefit from mentorship and collaborative learning. Overall, Michael is a promising early-career candidate but would need to build more hands-on experience with the full tech stack and AI integration to fully meet the job requirements."
4,Linda Smith,lindasmith@example.com,"Linda is an experienced full-stack developer with a focus on front-end technologies. She has over three years of experience working with React and Next.js. Recently, she has been exploring AI integrations, using the Vercel AI SDK and CrewAI to enhance user experiences in web applications. Linda excels at creating seamless, user-friendly interfaces and optimizing performance.","React, Next.js, JavaScript, Vercel AI SDK, CrewAI, REST APIs",88,"Linda Smith has a very strong match for the Junior React Developer role. She brings over three years of experience working with React and Next.js, which exceeds the required 1-2 years, demonstrating a solid foundation in front-end development. Her recent work with AI integrations using the Vercel AI SDK and CrewAI directly aligns with the job’s focus on enhancing user experiences with AI-driven features, a distinctive asset. She excels at creating user-friendly interfaces and optimizing performance, matching key responsibilities like component development, application optimization, and responsiveness. While the bio does not explicitly mention experience with Git, RESTful APIs, TypeScript, or teamwork skills, her ongoing engagement in relevant projects suggests she likely possesses or can quickly develop these skills. Culturally, her commitment to seamless user experiences and exploration of new technologies indicates a growth mindset and initiative, which aligns well with the collaborative and mentorship-supported environment offered. Overall, Linda’s experience, technical fit, and evident potential for growth make her a strong candidate for this junior-level position, meriting a high score though not perfect due to slight gaps in explicit detail on broader qualification criteria."
5,Tom Brown,tombrown@example.com,"Tom is a mid-level developer with hands-on experience working on commercial projects using React and Next.js. He has built several customer-facing websites and eCommerce platforms, focusing on performance optimization and SEO. He is proficient in REST APIs and enjoys building scalable web solutions that improve user engagement.","React, Next.js, CSS, HTML, Git, REST APIs",78,"Tom Brown has relevant experience as a mid-level developer with hands-on work in React and Next.js on commercial projects, notably building customer-facing websites and eCommerce platforms focused on performance and SEO. This aligns well with the Junior React Developer role requirements for React and Next.js experience, performance optimization, and API integration. He is proficient with REST APIs, matching the job's expectations. However, the bio does not mention experience with TypeScript, CSS, HTML explicitly, nor familiarity with the Vercel AI SDK or AI integrations, which are desirable for the role. Tom’s mid-level status suggests he may seek growth opportunities, and his enjoyment of scalable solutions and user engagement indicates a good cultural fit, motivated by quality and user experience. The job offers mentorship and growth potential which suits his profile well. Overall, Tom is a strong candidate for this junior role, with minor gaps in specific technologies and AI experience that could be addressed through the company’s mentorship and learning environment."
6,Kate Adams,kateadams@example.com,Kate is an AI enthusiast with a solid background in front-end development and experience using the Vercel AI SDK and CrewAI. She has contributed to projects that leverage AI to improve user interaction and personalization. Kate is passionate about staying at the cutting edge of technology and is excited to work on projects that push the boundaries of what's possible.,"React, Next.js, Vercel AI SDK, CrewAI, JavaScript, Git",82,"Kate Adams demonstrates a strong alignment with the Junior React Developer role through her solid background in front-end development, which likely includes React and Next.js skills given the context, as well as direct experience with the Vercel AI SDK and CrewAI. This is a significant advantage since the role prioritizes integration of AI-driven features using the Vercel AI SDK. Her passion for cutting-edge technology and AI suggests a cultural fit that values innovation and continuous learning, which matches well with the company's supportive environment and mentorship emphasis. While her bio does not explicitly detail proficiency in JavaScript, TypeScript, CSS, HTML, Git, or RESTful APIs, the indication of front-end experience implies familiarity with these essentials. Her enthusiasm and prior contributions to AI-enhanced user interactions reflect growth potential and alignment with the job’s focus on AI-powered web applications. The only reservation is the lack of explicit mention of the full listed technical stack and the 1-2 years experience benchmark, which prevents a perfect score. Overall, Kate is a promising candidate with the skills, enthusiasm, and mindset to contribute effectively and grow in this role."
7,Robert Johnson,robertjohnson@example.com,"Robert is a highly skilled front-end developer with a deep knowledge of React and AI-powered applications. He has worked on multiple projects that integrate AI to provide enhanced user experiences, including a recommendation engine built using the Vercel AI SDK. Robert is known for his attention to detail and ability to produce high-quality, maintainable code.","React, Next.js, JavaScript, Vercel AI SDK, CrewAI, CSS, Git, REST APIs",82,"Robert Johnson demonstrates a strong skill match with the Junior React Developer role. He has deep knowledge of React and experience working with AI-powered applications, including a recommendation engine using the Vercel AI SDK, which is perfectly aligned with the job's emphasis on AI integration via Vercel AI SDK. While the bio does not explicitly mention Next.js or experience with TypeScript, CSS, HTML, Git, or RESTful APIs, his front-end expertise likely covers some of these essentials, though this remains an assumption. His attention to detail and producing maintainable code fit well with the team's need for high-quality outputs and best practices. The candidate appears capable of collaborative work and problem-solving, important for cultural fit and teamwork. However, the lack of explicit mention of years of experience or junior level status makes it unclear if he perfectly matches the 1-2 year junior profile or if he is more senior, which may affect cultural fit. His familiarity with cutting-edge AI features suggests strong growth potential, especially in progressing with Next.js and React within an AI-driven context. Overall, Robert is a well-qualified candidate likely to contribute effectively and grow within this role."
8,Emily Davis,emilydavis@example.com,"Emily is a beginner developer with a passion for learning and growing within the web development space. She has been building her foundation in HTML, CSS, and JavaScript by working on personal projects and completing online tutorials. Emily is looking for an opportunity to work on real-world projects and contribute to a team while continuing to develop her technical skills.","HTML, CSS, JavaScript",45,"Emily Davis is a beginner developer passionate about learning web development basics such as HTML, CSS, and JavaScript, which aligns with some foundational technical requirements of the Junior React Developer role. However, she lacks the specific experience with React, Next.js, and the Vercel AI SDK required for this position. She has no demonstrated professional or project experience with React components, integrating AI features, or collaborating in a development team environment. Despite this, her enthusiasm for growth, willingness to contribute to a team, and desire to develop technical skills indicate strong growth potential and cultural fit for a supportive and mentorship-driven environment. Nonetheless, the current skill gap and lack of direct experience with key job technologies justify a moderate score, reflecting potential with significant learning needed to fully meet the job demands."
9,James Wilson,jameswilson@example.com,James is an intermediate developer with experience working primarily with React. He is eager to explore AI-driven projects and has recently started experimenting with Next.js and the Vercel AI SDK. James enjoys learning new technologies and applying them to solve real-world problems. He is looking for a role that will allow him to grow his skills and work on innovative projects.,"React, JavaScript, Next.js, Git",78,"James Wilson presents a solid fit for the Junior React Developer role. His background as an intermediate React developer aligns well with the job's need for 1-2 years of React and Next.js experience, and his recent experimentation with Next.js and the Vercel AI SDK matches the project’s focus on AI-driven features. While the bio does not explicitly mention proficiency in TypeScript, CSS, HTML, Git, or RESTful APIs, his eagerness to learn and explore new technologies suggests he can quickly grow these skills. Culturally, James’s enthusiasm for learning and passion for applying technology to solve real-world problems indicate a positive and growth-oriented mindset, fitting well with the collaborative and mentorship-driven environment described. His expressed desire for skill growth and innovative work aligns with the company's offer of mentorship and advanced technology exposure, highlighting strong growth potential. Overall, James is a promising candidate who meets the technical baseline and shows motivation and adaptability that could lead to excellent contribution and development within the company."
10,Amy White,amywhite@example.com,"Amy is a senior developer with extensive experience in full-stack development and AI integrations. She has led multiple projects, working with AI-powered tools such as CrewAI and the Vercel AI SDK to create dynamic, personalized web applications. Amy is passionate about mentoring junior developers and has a proven track record of delivering high-quality products.","React, Next.js, JavaScript, Vercel AI SDK, CrewAI, REST APIs, Git",68,"Amy White is a senior developer with extensive full-stack and AI integration experience, which exceeds the junior level required for this role. She has direct experience with AI-powered tools including the Vercel AI SDK, aligning well with the project's AI integration needs. However, the role specifically targets candidates with 1-2 years of front-end experience focused on React and Next.js, whereas Amy's seniority suggests a higher level of expertise and possibly less interest in a junior position. Her passion for mentoring junior developers and delivering high-quality products aligns well culturally, indicating strong teamwork and communication skills valued by the company. Growth potential is moderate since Amy is already advanced; this role may not fully challenge her or provide significant growth opportunities. Overall, while Amy's skills and experience surpass the job requirements and match well technically, her senior level may make her overqualified for this junior role, impacting cultural fit and growth potential in this specific context."
11,Jessica Brown,jessicabrown@example.com,Jessica is a motivated junior developer with a strong foundation in React and Next.js. She has recently completed an internship where she worked on a team to build a responsive web application for a local business. Jessica is eager to continue building her skills and gain more experience in AI technologies.,"React, Next.js, JavaScript, CSS",78,"Jessica possesses a foundational skill set closely aligned with the job requirements, specifically in React and Next.js, which are core technologies for this role. Her recent internship experience working on a responsive web application demonstrates practical exposure, although it is relatively limited in duration and scope compared to the desired 1-2 years of experience. While she does not currently have experience with the Vercel AI SDK, her eagerness to build skills in AI technologies indicates good growth potential and motivation to learn new tools relevant to this position. The job requires proficiency in JavaScript, TypeScript, CSS, HTML, and Git, which is implied but not explicitly confirmed in her bio, slightly lowering the score. Culturally, her motivation and desire for skill development fit well with the collaborative and mentorship-driven environment described. Overall, Jessica is a promising candidate for this junior role with the capability to grow into full job responsibilities under mentorship, making her a solid match but not yet fully seasoned."
12,Daniel Martinez,danielmartinez@example.com,Daniel is a front-end developer with several years of experience working with React. He has recently started integrating AI-driven features into his projects using the Vercel AI SDK and CrewAI. Daniel enjoys working on projects that challenge him to think outside the box and is always looking for ways to improve the user experience.,"React, Next.js, Vercel AI SDK, CrewAI, JavaScript, Git",83,"Daniel has relevant front-end development experience with React, which is a core requirement, and his recent work integrating AI-driven features using the Vercel AI SDK and CrewAI aligns well with the job's focus on AI integration. Although the bio does not explicitly mention Next.js experience, his use of React and AI SDK suggests a good foundational skill set to quickly learn Next.js. The job asks for 1-2 years experience, and while the bio states 'several years,' that likely meets or exceeds the experience threshold. There is no direct mention of proficiency with JavaScript, TypeScript, CSS, HTML, Git, or RESTful APIs, but his role as a front-end developer implies familiarity with these technologies. Cultural fit appears positive since Daniel enjoys challenging projects and improving user experience, which matches the company's innovative AI-driven goals. Additionally, his motivation to think outside the box indicates strong growth potential alongside the offered mentorship. Overall, Daniel is a strong candidate with a few minor unknowns (Next.js experience explicitly and some other technical stack details), warranting a high score but leaving room for verification and onboarding learning curve."
13,Olivia Clark,oliviaclark@example.com,"Olivia is a self-starter with a passion for web development. She has built several personal projects using React, focusing on improving her problem-solving skills. Olivia has a basic understanding of AI integrations and is eager to apply what she's learned in a professional setting.","React, JavaScript, CSS, HTML, Git",62,"Olivia demonstrates a clear passion and initiative in web development, particularly with React, which is central to the Junior React Developer role. However, her experience is primarily with personal projects, and she lacks the 1-2 years of professional front-end development experience with React and Next.js specified in the job description. Her basic understanding of AI integrations aligns with the role's focus on AI-driven features using Vercel AI SDK, but greater familiarity or hands-on experience would be preferred. Olivia's self-starter attitude and eagerness to apply learned skills in a professional environment indicate strong growth potential. Culturally, her proactive mindset fits well with a collaborative and mentorship-driven team, though she may need support initially to bridge gaps in technical depth and professional experience. Overall, she meets some key criteria but falls short in required experience and depth, resulting in a moderate score."
14,Matthew Evans,matthewevans@example.com,"Matthew is an experienced developer with expertise in full-stack development. He has worked on several AI-driven front-end applications, integrating advanced technologies such as the Vercel AI SDK and CrewAI. Matthew is passionate about creating user-friendly, high-performance web applications and enjoys tackling complex technical challenges.","React, Next.js, JavaScript, Vercel AI SDK, CrewAI, Git, REST APIs",82,"Matthew has strong relevant experience as a full-stack developer, including work on AI-driven front-end applications using technologies like the Vercel AI SDK, which aligns well with the job's focus on Next.js and AI integration. His expertise indicates proficiency in React and related technologies, though the bio does not explicitly mention experience with Next.js, TypeScript, Git, or RESTful APIs, which are key qualifications for this junior role. Matthew's passion for user-friendly and high-performance web applications reflects a good cultural fit, especially with a team focused on cutting-edge AI features. Given his background and enthusiasm for complex challenges, he shows solid growth potential and would benefit from mentorship. Overall, he is a strong candidate but may need to demonstrate more hands-on experience in some specific skills and junior-level responsibilities to fully meet the job requirements."
15,Sophia Baker,sophiabaker@example.com,Sophia is an entry-level developer who has recently started learning React and building personal projects. She is excited to continue growing her skills and has a particular interest in AI-powered web applications. Sophia is eager to learn from more experienced developers and contribute to a collaborative team.,"React, CSS, HTML, Git",62,"Sophia is an entry-level developer who has started learning React and building personal projects, showing a foundational skill set relevant to the Junior React Developer role. While she lacks the 1-2 years of professional experience required and does not explicitly mention proficiency in some key technical qualifications like TypeScript, CSS, HTML, Git, or RESTful APIs, her eagerness to learn and specific interest in AI-powered web applications align well with the job's focus on AI integration using the Vercel AI SDK. Her motivation to grow, work collaboratively, and learn from senior developers indicates a strong cultural fit and high growth potential. Given her current skill level and enthusiasm, she could be a solid candidate for the role but would likely need mentorship and time to reach full productivity."
16,Joshua Harris,joshuaharris@example.com,"Joshua is a mid-level developer specializing in React and Next.js. He has experience building scalable web applications for eCommerce platforms and is familiar with REST APIs. Joshua is always looking for new ways to improve his code and enjoys working in a fast-paced, dynamic environment.","React, Next.js, JavaScript, REST APIs, Git",82,"Joshua Harris aligns well with the Junior React Developer role as he possesses mid-level experience in React and Next.js, which slightly exceeds the 1-2 years specified but still fits the junior role requirements. His experience with scalable eCommerce web applications and REST APIs indicates a strong skill match and relevant working knowledge. While the job requires proficiency in JavaScript, TypeScript, CSS, and HTML, Joshua's bio mentions React and Next.js expertise but lacks explicit mention of TypeScript, CSS, and HTML proficiency; this may be an area for growth. There is no direct mention of experience with the Vercel AI SDK, which is a plus for the position, so this is a potential learning opportunity. Joshua's enthusiasm for improving his code and comfort with fast-paced dynamic environments reflects strong cultural fit and a good attitude for teamwork and continuous learning. Given the company's emphasis on mentorship and growth, Joshua shows promising potential to expand his AI integration skills and other required proficiencies. Overall, he is a solid candidate likely to succeed and grow in this role."
17,Chloe Turner,chloeturner@example.com,"Chloe is a developer passionate about AI-powered applications. She has strong skills in both CrewAI and the Vercel AI SDK, which she has used to create personalized, data-driven user experiences. Chloe is looking to work on cutting-edge projects where she can continue to grow her skills and contribute to innovative solutions.","React, Next.js, JavaScript, Vercel AI SDK, CrewAI, REST APIs, CSS",78,"Chloe Turner demonstrates a promising fit for the Junior React Developer role based on her strong passion for AI-powered applications and specific experience with the Vercel AI SDK, directly relevant to the job's AI integration focus. She has practical skills with CrewAI and the Vercel AI SDK, indicating familiarity with advanced AI technologies, which is a key advantage. However, the bio does not explicitly mention her experience with React, Next.js, or foundational front-end technologies like JavaScript, TypeScript, CSS, or HTML, nor does it specify her years of development experience, which are core qualifications for the role. Despite this, her eagerness to work on cutting-edge projects and grow her skills aligns well with the company's supportive culture and the junior level nature of the position. Her growth potential appears strong given her enthusiasm for innovation and learning. Overall, Chloe is a compelling candidate for someone at a junior level with a focus on AI integration but would benefit from clearer evidence of hands-on experience with React and Next.js to fully meet the technical requirements."
18,Luke Roberts,lukeroberts@example.com,"Luke is a junior developer focused on building user-friendly React applications with clean, efficient code. He has a strong understanding of front-end fundamentals and is eager to continue building his skills in more advanced technologies, such as Next.js and AI integrations.","React, JavaScript, CSS, HTML",72,"Luke Roberts demonstrates a solid foundational skill set as a junior developer with a focus on React applications and clean coding practices, aligning well with the Junior React Developer role. His eagerness to develop skills in Next.js and AI integrations is a positive indicator of growth potential and motivation to adapt to the specific technologies the job requires. However, his current experience appears limited to React without explicit mention of Next.js or proficiency in TypeScript, CSS, HTML, Git, or RESTful APIs, which are key qualifications for this role. The lack of familiarity with Vercel AI SDK is noted but understandable given his junior status; nevertheless, willingness to learn can mitigate this gap. Culturally, his eagerness to learn and improve fits the collaborative and growth-oriented environment described in the job. Overall, Luke is a promising candidate with a moderate skill match and high growth potential, suitable for a supportive and mentorship-driven role but requiring some ramp-up time to meet all technical expectations fully."
19,Emma Mitchell,emmamitchell@example.com,Emma is a web developer with strong skills in integrating AI solutions into front-end projects. She has experience working with both the Vercel AI SDK and CrewAI and enjoys creating applications that provide a seamless user experience. Emma is looking to join a team where she can contribute her technical skills and continue to grow as a developer.,"React, Next.js, JavaScript, Vercel AI SDK, CrewAI, REST APIs",83,"Emma Mitchell demonstrates a strong alignment with the Junior React Developer role, particularly with her skills in integrating AI solutions into front-end projects and specific experience with the Vercel AI SDK, which is a key requirement of the job. While the bio does not explicitly mention her proficiency in React, Next.js, JavaScript, TypeScript, or other front-end technologies (CSS, HTML) listed in the job description, her role as a web developer integrating AI on front-end projects suggests relevant experience. Emma's enthusiasm for contributing technical skills and desire to grow matches well with the company's offering of mentorship and growth potential. She appears suitable culturally, as she values collaboration and growth which aligns with the job's emphasis on teamwork and learning. However, the lack of explicit mention of 1-2 years of front-end experience and specific technologies slightly lowers the confidence in a perfect fit. Overall, Emma is a strong candidate with solid potential and relevant AI integration skills, meriting a high score but not perfect due to some unspecified experience details."
20,Henry Garcia,henrygarcia@example.com,"Henry is a recent graduate with a focus on AI-powered web applications. He has completed several projects, including a Next.js app that leverages the Vercel AI SDK for personalized recommendations. Henry is passionate about applying AI to solve real-world problems and is eager to join a team that shares his enthusiasm.","React, JavaScript, Vercel AI SDK, CrewAI, Next.js, Git",70,"Henry Garcia shows a promising fit for the Junior React Developer role due to his focused academic background on AI-powered web applications and hands-on projects with Next.js and the Vercel AI SDK, which aligns well with the job's technical requirements. However, as a recent graduate, he lacks the preferred 1-2 years of professional front-end development experience, which may impact his immediate productivity on complex tasks. His passion for applying AI to real-world problems and eagerness to join a collaborative team indicate a good cultural fit and high growth potential, especially with provided mentorship. While he may require some initial guidance, his skills and enthusiasm make him a strong candidate for developing further expertise in React, Next.js, and AI integration within the company."
21,Grace Hill,gracehill@example.com,"Grace is a junior developer with a strong foundation in web development and a growing interest in AI technologies. She has built multiple personal projects using React and JavaScript, including a weather app and a blog site. Grace is eager to join a team where she can expand her knowledge of Next.js and AI-driven solutions.","React, JavaScript, CSS, HTML, Git",72,"Grace Hill exhibits a strong foundation in web development with practical experience in React and JavaScript, demonstrated through personal projects like a weather app and a blog site. While she is a junior developer and currently lacks formal professional experience explicitly with Next.js and AI-driven solutions, her eagerness to grow in these areas aligns well with the job's growth and learning opportunities. She meets the key skill requirements related to React and JavaScript, though she does not mention experience with TypeScript, CSS, HTML, or version control systems like Git, which are also important for this role. Additionally, familiarity with the Vercel AI SDK is a plus, which Grace does not currently have but could develop given her interest in AI technologies. Culturally, her enthusiasm for joining a team to expand her knowledge suggests good potential for teamwork and learning under mentorship as offered. Overall, Grace presents a promising candidate with a solid skill base and a clear desire to develop the necessary competencies, making her a good fit for a junior role focused on growth and collaboration."
22,David Foster,davidfoster@example.com,David is a mid-level React developer with experience in building responsive web applications using Next.js. He has worked on several eCommerce projects and is proficient in modern front-end technologies. David has recently started exploring AI integrations using the Vercel AI SDK and is looking for a role where he can apply these skills.,"React, Next.js, JavaScript, CSS, HTML, Git",85,"David Foster aligns well with the Junior React Developer role, possessing the core technical skills required, including experience with React, Next.js, and modern front-end technologies which match the job's technical needs. His work on responsive eCommerce projects demonstrates relevant practical experience and understanding of application performance and user experience. Moreover, David's recent exploration of AI integrations with the Vercel AI SDK reflects his initiative to grow in the key area emphasized by the job. Although he is slightly more experienced than a typical junior developer (mid-level), this can be seen as an advantage as he can contribute effectively while still benefiting from mentorship, fitting well culturally with a collaborative and growth-focused environment. His motivation to apply and develop AI-related skills aligns strongly with the cutting-edge technology focus of the company. The score reflects a slightly above-average match with potential for growth and valuable contribution, though the role might normally target candidates with slightly less experience."
23,Isabella Russell,isabellarussell@example.com,Isabella is an entry-level developer with basic React knowledge and a passion for learning new technologies. She has completed several online courses and built personal projects focused on improving her front-end development skills. Isabella is looking for an opportunity to gain hands-on experience and contribute to a real-world project.,"React, CSS, HTML, JavaScript",62,"Isabella Russell is an entry-level developer with basic React knowledge and a strong passion for learning, which aligns well with the Junior React Developer role focused on React and Next.js development. However, she lacks the 1-2 years of professional experience required and no explicit mention of Next.js, TypeScript, or experience with Git, RESTful APIs, or AI-related technologies like the Vercel AI SDK is provided. Her completion of online courses and personal projects demonstrates motivation and foundational skills, indicating good growth potential. The cultural fit seems positive given her eagerness to contribute and learn in a collaborative environment. Overall, while her current skill set may require mentorship and substantial development, she has potential to grow into the role given the learning-focused nature of the position."
24,Ethan Reed,ethanreed@example.com,"Ethan is a self-taught web developer with experience in full-stack development and AI-driven solutions. He has built several web applications using React, Next.js, and the Vercel AI SDK. Ethan enjoys tackling complex problems and is excited to continue working on AI-powered projects that enhance user experience.","React, Next.js, JavaScript, CrewAI, Vercel AI SDK, REST APIs",82,"Ethan Reed demonstrates a strong alignment with the Junior React Developer role. He has hands-on experience with React, Next.js, and the Vercel AI SDK, which are core technologies listed in the job description. Being self-taught and having built multiple web applications reflects initiative, a key cultural fit for a company valuing independent work and growth potential. Although specific mention of proficiency in JavaScript, TypeScript, CSS, HTML, Git, and RESTful APIs is absent, his experience as a full-stack developer implies familiarity with these essential skills. The enthusiasm for AI-driven projects matches well with the job’s focus on AI integration, indicating a strong motivation and potential to excel. While his experience duration is not explicitly stated, the profile suggests capability at a junior level. Overall, Ethan appears well-equipped to contribute effectively, collaborate with senior developers, and grow within the role, earning a solid score reflecting a promising but slightly unverified depth in some technical areas."
25,Abigail Ward,abigailward@example.com,Abigail is an intermediate developer with strong React skills and experience in integrating AI into web applications. She has worked on projects that leverage the Vercel AI SDK to deliver personalized content to users. Abigail is passionate about user experience and enjoys building applications that are both functional and visually appealing.,"React, Next.js, JavaScript, Vercel AI SDK, CSS, Git",83,"Abigail Ward is a strong fit for the Junior React Developer role due to her intermediate React skills and experience integrating AI via the Vercel AI SDK, which directly aligns with the job's key responsibilities. Her focus on user experience and building both functional and visually appealing applications matches the role's emphasis on performance and responsiveness. Although her experience level is described as intermediate rather than explicitly 1-2 years, it is implied she has relevant hands-on experience with React and AI integrations, which is a significant asset. There is no explicit mention of knowledge in Next.js, TypeScript, CSS, HTML, Git, or RESTful APIs, which are important qualifications and impact the score negatively. However, her passion for user experience and building applications indicates strong motivation and potential for growth, fitting culturally with a collaborative and innovative environment. Overall, she demonstrates solid relevant skills and promising growth potential but lacks explicit coverage of all listed technologies and tools required, resulting in a score in the low 80s."
26,Aiden Bailey,aidenbailey@example.com,Aiden is an experienced full-stack developer with a focus on front-end technologies and AI-powered tools. He has led several projects that use CrewAI and the Vercel AI SDK to provide advanced AI-driven features. Aiden is excited to join a team where he can continue building innovative solutions and mentor junior developers.,"React, Next.js, JavaScript, CrewAI, Vercel AI SDK, REST APIs",78,"Aiden Bailey shows strong alignment with the job requirements as an experienced full-stack developer with a focus on front-end technologies, especially involving AI-powered tools. His experience leading projects using CrewAI and the Vercel AI SDK is highly relevant since the job involves integrating AI-driven features using the Vercel AI SDK. While Aiden appears to have advanced experience beyond the junior level sought, which could be a positive for growth and mentorship potential, the job specifically targets candidates with 1-2 years of experience, implying a more junior level. He expresses enthusiasm for mentoring junior developers, which may indicate cultural fit in a supportive team environment, though he may need to adjust expectations about junior-level role responsibilities. The candidate's skills do not explicitly mention React, Next.js, JavaScript, TypeScript, or CSS which are core technical requirements, though his full-stack front-end background suggests probable familiarity. Overall, Aiden’s advanced experience and AI integration skills make him a strong fit, possibly exceeding the junior role but capable of bringing valuable mentorship and innovation to the team."
27,Lily King,lilyking@example.com,"Lily is a junior developer with a solid understanding of React. She has worked on a few personal projects, including a to-do list app and a portfolio website. Lily is eager to contribute to AI-driven projects and is currently learning Next.js to improve her front-end development skills.","React, JavaScript, CSS, HTML, Git",68,"Lily King is a junior developer with a solid understanding of React, which aligns well with the core requirement of the Junior React Developer role. Her experience is primarily from personal projects, indicating practical exposure but limited professional experience. She is eager to work on AI-driven projects and is currently learning Next.js, which is important since the role heavily involves Next.js development. However, she does not yet meet the preferred experience threshold of 1-2 years nor demonstrate proficiency in related technologies such as TypeScript, CSS, HTML, Git, and RESTful APIs, which are crucial for this position. Additionally, familiarity with the Vercel AI SDK is a plus she has not yet attained. Culturally, her eagerness to learn and contribute suggest a good fit for a collaborative and mentorship-focused environment. Overall, Lily shows strong growth potential and foundational skill alignment but lacks the full range of technical experience and professional background necessary for a higher score."
28,Benjamin Turner,benjaminturner@example.com,Benjamin is a front-end developer with experience in modern web technologies and AI integrations. He has contributed to several projects that use the Vercel AI SDK and CrewAI to provide personalized user experiences. Benjamin is passionate about building scalable web applications and improving his skills in AI-powered solutions.,"React, Next.js, Vercel AI SDK, CrewAI, JavaScript, CSS",85,"Benjamin Turner shows a strong alignment with the Junior React Developer role. His experience as a front-end developer with modern web technologies and AI integrations particularly matches the job's focus on Next.js and Vercel AI SDK usage. Contributions to projects involving Vercel AI SDK and CrewAI demonstrate relevant hands-on experience with AI-powered features, a key component of the job. While the bio does not explicitly mention proficiency in React, Next.js, or related core front-end technologies like JavaScript, TypeScript, CSS, HTML, and Git, his involvement in scalable web applications suggests familiarity with these foundational skills. The passion for improving AI-powered solutions underscores good growth potential and a motivated mindset, which fits well with the junior development role that offers mentorship and career development. Cultural fit appears positive due to his enthusiasm and collaboration implied through project contributions. Overall, the candidate is well-suited with minor unknowns regarding explicit technical skill coverage, but strong in relevant experience and growth potential."
29,Zoe Barnes,zoebarnes@example.com,Zoe is a junior developer looking to grow her skills in React and AI-driven web applications. She has built several personal projects and is constantly learning new technologies to improve her code. Zoe is excited to work on real-world projects where she can continue developing her skills and gain experience in AI integrations.,"React, CSS, HTML, JavaScript, Git",72,"Zoe Barnes demonstrates a clear enthusiasm for growing her skills in React and AI-driven web applications, aligning well with the job's focus on React, Next.js, and AI integration using the Vercel AI SDK. Although the bio mentions only personal projects and continuous learning, it lacks explicit reference to professional experience or specific proficiency in key technologies such as JavaScript, TypeScript, CSS, HTML, Git, or RESTful APIs. This places her likely at an early career stage, which is consistent with a junior developer profile. Her motivation to work on real-world projects and eagerness to develop new skills reflect high growth potential and a good cultural fit for a collaborative, mentorship-driven environment. However, the absence of stated hands-on experience with AI SDKs or professional development in relevant frameworks suggests she may require additional training and supervision initially. Overall, Zoe appears to be a promising candidate who fits the junior level and growth orientation the role envisages, but she currently falls short on demonstrable relevant technical experience which tempers the score."
30,Alexander Cook,alexandercook@example.com,Alexander is an experienced developer specializing in building high-performance web applications using React and Next.js. He has worked on projects that leverage CrewAI and the Vercel AI SDK to enhance user engagement through personalized features. Alexander enjoys working in fast-paced environments and collaborating with teams to build innovative solutions.,"React, Next.js, JavaScript, CrewAI, Vercel AI SDK, REST APIs",89,"Alexander Cook is a strong fit for the Junior React Developer role. His experience specializing in React and Next.js directly matches the job's primary technical requirements. He has practical exposure to the Vercel AI SDK and CrewAI, which aligns well with the job's focus on AI-driven features integration. His enjoyment of fast-paced environments and teamwork indicates good cultural fit for a collaborative and innovative workplace. Although specifics like years of experience, proficiency in TypeScript, CSS, HTML, Git, and RESTful APIs aren't explicitly detailed, his demonstrated skills suggest he likely meets or exceeds these baseline qualifications. Additionally, his willingness to collaborate and innovate reflects solid growth potential under mentorship. Overall, Alexander is poised to contribute effectively and grow within the role, justifying a high score slightly below perfect to allow for some unknowns in detail."
